一级行业分类,二级行业分类,企业/机构名称,总部所在地,企业官网,核心品牌/产品/服务
快消品,日化用品,宝洁,美国,‑_ www.pg.com,• 织物护理：汰渍、碧浪
,,,,,• 婴儿护理：帮宝适
,,,,,• 头发护理：海飞丝、潘婷、沙宣
,,,,,• 美容护肤：SK-II、Olay 
快消品,日化用品,花王,日本,‑_ www.kao.com,• 婴儿护理：妙而舒
,,,,,• 织物洗涤：洁霸
,,,,,• 健康护肤：碧柔、珂润
快消品,日化用品,联合利华,英国,‑_ www.unilever.com,• 美容护肤：多芬
,,,,,• 饮料：立顿
,,,,,• 冰淇淋：梦龙、和路雪
,,,,,• 家庭护理：奥妙、金纺
快消品,日化用品,资生堂,日本,‑_ www.shiseido.com,• 旗舰品牌：资生堂
,,,,,• 高端护肤/彩妆：CPB、NARS、IPSA
快消品,日化用品,欧莱雅,法国,‑_ www.loreal.com,• 高端化妆品：兰蔻、赫莲娜
,,,,,• 大众化妆品：美宝莲、巴黎欧莱雅
,,,,,• 专业美发：卡诗
快消品,日化用品,雅诗兰黛,美国,‑_ www.esteelauder.com,• 旗舰品牌：雅诗兰黛
,,,,,• 奢华护肤：海蓝之谜
,,,,,• 彩妆：MAC、Tom Ford、Bobbi Brown
快消品,食品饮料,可口可乐,美国亚特兰大,‑_ www.coca-colacompany.com, 汽水：可口可乐、雪碧、芬达
,,,,,• 果汁/水/饮料：美汁源、冰露、酷乐仕
快消品,食品饮料,百事公司,美国纽约,‑_ www.pepsico.com,• 饮料：百事可乐、佳得乐
,,,,,• 休闲食品：乐事、桂格、多力多滋
快消品,食品饮料,雀巢,瑞士沃韦,‑_ www.nestle.com,• 咖啡：雀巢咖啡、奈斯派索
,,,,,• 糖果/冰淇淋：脆脆鲨、雀巢冰爽茶
快消品,食品饮料,农夫山泉,中国杭州,‑_ www.nongfuspring.com,"农夫山泉, 茶π, 东方树叶, 水溶C100, 农夫果园, 打奶茶, 尖叫"
快消品,食品饮料,玛氏公司,美国麦克莱恩,‑_ www.mars.com,"M&M's, 士力架(Snickers), 德芙(Dove), 彩虹糖(Skittles), 宝路(Pedigree), 伟嘉(Whiskas), 皇家(Royal Canin)"
快消品,食品饮料,亿滋国际,美国芝加哥,‑_ www.mondelezinternational.com,"奥利奥(Oreo), 吉百利(Cadbury), 妙卡(Milka), 乐之(Ritz), 闲趣(TUC), 三角巧克力(Toblerone), 炫迈(Stride) "
​快消品​,​食品饮料​,​达能​,​法国巴黎​,‑_ ​www.danone.com​,"依云(Evian), 达能(Danone), Activia, Alpro, Volvic, 碧悠(Bio), 诺优能(Nutrilon) "
​快消品​,​食品饮料​,​统一企业​,​中国台湾台南​,‑_ ​www.uni-president.com.cn​,"统一绿茶, 统一冰红茶, 老坛酸菜牛肉面, 汤达人, 满汉大餐, 小浣熊, 阿萨姆奶茶 "
快消品,健康护理,强生,美国新泽西州,‑_ www.jnj.com,强生婴儿、邦迪、李施德林、露得清、泰诺
快消品,健康护理,鱼跃医疗,中国镇江,‑_ www.yuyue.com.cn,鱼跃（主要产品覆盖血压计、制氧机、呼吸机等家庭医疗设备）
快消品,健康护理,欧姆龙健康医疗,日本京都,‑_ www.omronhealthcare.com,"欧姆龙, 科欧, 海尔, 松下 "
快消品,乳制品,蒙牛乳业,中国呼和浩特,‑_ www.mengniu.com.cn,特仑苏、纯甄、冠益乳、每日鲜语
快消品,乳制品,伊利实业集团,中国呼和浩特,‑_ www.yili.com,金典、安慕希、畅意、QQ星
快消品,乳制品,光明乳业,中国上海,‑_ www.brightdairy.com,优倍鲜奶、莫斯利安酸奶
快消品,乳制品,君乐宝乳业,中国石家庄,‑_ www.junlebao.com,简醇酸奶、悦鲜活鲜奶
快消品,乳制品,飞鹤乳业,中国齐齐哈尔,‑_ www.flyc.com.cn,星飞帆、臻稚有机系列婴幼儿配方奶粉
快消品,婴幼儿食品,惠氏营养品,美国,‑_ www.wyethnutrition.com,惠氏启赋、惠氏S-26
快消品,婴幼儿食品,雀巢母婴,瑞士沃韦,‑_ www.nestle.com,雀巢能恩、雀巢蔼儿舒
快消品,婴幼儿食品,美赞臣营养品,美国,‑_ www.meadjohnson.com,美赞臣蓝臻、安儿宝
快消品,酒类,贵州茅台酒股份有限公司,中国贵州仁怀,‑_ www.moutaichina.com,贵州茅台酒（如飞天茅台、五星茅台）
快消品,酒类,百威英博,比利时鲁汶（全球总部）,‑_ www.ab-inbev.com,百威、科罗娜、福佳、时代
快消品,酒类,五粮液集团,中国四川宜宾,‑_ www.wuliangye.com.cn,五粮液（普五、1618等）
快消品,酒类,洋河股份,中国江苏宿迁,‑_ www.yanghe.com,洋河蓝色经典（海之蓝、天之蓝、梦之蓝）
信息技术,半导体/硬件,英伟达 (NVIDIA),美国圣克拉拉,‑_ www.nvidia.com,• 计算硬件：GeForce（消费级GPU）、RTX（专业级GPU）、HPC/AI计算卡（H100/A100等）
,,,,,• 软件与平台：CUDA、NVIDIA DRIVE（自动驾驶）、Omniverse（3D协作平台）、AI Enterprise
信息技术,软件与服务,微软 (Microsoft),美国雷德蒙德,‑_ www.microsoft.com,• 生产力与业务流程：Microsoft 365（Office）、LinkedIn、Dynamics 365
,,,,,• 智能云：Azure、Windows Server、SQL Server
,,,,,• 更多个人计算：Windows OS、Xbox、Surface硬件、Bing
信息技术,硬件与生态服务,苹果 (Apple),美国库比蒂诺,‑_ www.apple.com,• 硬件产品：iPhone、Mac、iPad、Apple Watch、AirPods、Vision Pro
,,,,,• 软件与服务：iOS/macOS、App Store、Apple Music、iCloud、Apple TV+、Apple Fitness+
信息技术,互联网软件与服务,谷歌 (Alphabet/Google),美国山景城,‑_ www.google.com,• 核心服务：Google Search、YouTube、Google Maps、Gmail、Android、Chrome
,,,,,• 云计算：Google Cloud Platform (GCP)
,,,,,• 硬件：Pixel手机、Nest智能家居
信息技术,互联网软件与服务,亚马逊 (Amazon),美国西雅图,‑_ www.amazon.com,‑_ • 电子商务：Amazon.com、Amazon Prime、Amazon Fresh
,,,,,• 云计算：Amazon Web Services (AWS)
,,,,,• 数字内容与设备：Prime Video、Amazon Music、Audible、Kindle、Alexa/Echo
互联网/科技,互动媒体与服务,Meta Platforms,美国门洛帕克,‑_ www.meta.com,• 社交应用家族：Facebook、Instagram、WhatsApp、Messenger
,,,,,• 未来平台：Reality Labs（VR/AR，含Quest头显）
互联网/科技,短视频与内容平台,字节跳动 (ByteDance),中国北京,‑_ www.bytedance.com,• 内容平台：抖音、TikTok、今日头条、西瓜视频、番茄小说、懂车帝
,,,,,• 企业服务：飞书（Lark）、巨量引擎（营销）、火山引擎（云）
制造业,电动汽车与能源,特斯拉 (Tesla),美国奥斯汀,‑_ www.tesla.com,• 电动汽车：Model S/3/X/Y、Cybertruck、Semi卡车
,,,,,• 能源产品：Solar Roof、Megapack储能系统
,,,,,• 软件与服务：全自动驾驶（FSD）、特斯拉App
互联网/科技,搜索引擎与AI,百度 (Baidu),中国北京,‑_ www.baidu.com,• 核心产品：百度搜索、百度App、百度地图、百度网盘、百度百科
,,,,,• 人工智能与云：百度大脑、飞桨（PaddlePaddle）、文心大模型、小度、Apollo（自动驾驶）
互联网/科技,本地生活服务,美团 (Meituan),中国北京,‑_ www.meituan.com,• 本地生活服务：美团、大众点评、美团外卖
,,,,,• 即时零售：美团买菜、美团优选
,,,,,• 新业务：美团单车、充电宝等
互联网/科技,电子商务,拼多多 (Pinduoduo),中国上海,‑_ www.pinduoduo.com,• 电子商务：拼多多主站、Temu（海外跨境业务）
,,,,,• 农业与生鲜：多多买菜
互联网/科技,游戏与内容,网易 (NetEase),中国杭州,‑_ www.163.com,• 在线游戏：梦幻西游、阴阳师、哈利波特：魔法觉醒等（自研与代理）
,,,,,• 在线音乐：网易云音乐
,,,,,• 智能学习：网易有道（词典、学习硬件）
,,,,,• 电子商务：严选
互联网/科技,短视频与社区,快手 (Kuaishou),中国北京,‑_ www.kuaishou.com,• 内容社区：快手主站、快手极速版
,,,,,• 电商与直播：快手电商、直播打赏
,,,,,• 投资布局：AcFun（A站）
消费电子/硬件,智能手机与IoT,小米 (Xiaomi),中国北京,‑_ www.mi.com,• 智能手机与AIoT：小米手机、Redmi、POCO、MIUI、米家生态链产品
,,,,,• 互联网服务：广告、游戏、金融
,,,,,• 新业务：小米汽车、小米澎湃OS
互联网/科技,电子商务与物流,‑_ 京东 (JD.com),中国北京,‑_ www.jd.com,• 电子商务：京东商城、京东国际、京东生鲜
,,,,,• 物流服务：京东物流（一体化供应链核心）
,,,,,• 技术服务：京东云、京东科技
互联网/科技,综合性视频社区,哔哩哔哩 (Bilibili),中国上海,‑_ www.bilibili.com,• 视频社区：B站主站（PUGV、OGV、直播、漫画等）
,,,,,• 业务拓展：游戏（发行与自研）、大会员（增值服务）、广告、电商
互联网/科技,生活方式社区,小红书 (Xiaohongshu),中国上海,‑_ www.xiaohongshu.com,• 主平台：小红书（用户分享生活方式笔记，覆盖美妆、时尚、旅行、美食等）
,,,,,• 商业模式：内容社区+电商
互联网/科技,社交媒体与数字生态,腾讯控股 (Tencent),中国深圳,‑_ www.tencent.com,• 社交与通信：微信（含视频号）、QQ
,,,,,• 数字内容：游戏（自研与发行）、腾讯视频、腾讯音乐、阅文集团
,,,,,• 金融科技与企业服务：微信支付、腾讯云
互联网/科技,在线视频平台,芒果超媒 (Mango TV),中国长沙,‑_ www.mgtv.com,• 主平台：芒果TV（互联网视频平台，提供影视剧、综艺、动漫等）
,,,,,• 特色优势：背靠湖南广电，拥有强大的内容制作与版权资源
互联网/科技,信息与内容服务,百度集团,中国北京,‑_ www.baidu.com,• 核心产品：百度搜索、百度App
,,,,,• 短视频战略：好看视频 (百度旗下短视频旗舰品牌，定位泛知识短视频平台，是百度移动生态的重要内容组成部分) 
,,,,,• 内容分发：百家号 (内容创作平台，为好看视频等提供内容源)
互联网/科技,媒体与内容平台,芒果超媒,中国长沙,‑_ www.mangoguide.com,• 主品牌/平台：芒果TV (互联网视频平台，提供影视剧、综艺、动漫等长视频内容，并积极拓展短视频、电商等业务) 
,,,,,• 特色优势：背靠湖南广电，拥有强大的内容制作与版权资源
​制造业​,​传统车企转型​,​丰田汽车 (Toyota)​​,日本丰田市,‑_ toyota.com,• ​主品牌​：丰田
,,,,,• ​高端品牌​：雷克萨斯
​制造业​,​传统车企转型​,​大众汽车 (Volkswagen)​​,德国沃尔夫斯堡,‑_ volkswagenag.com,• ​主品牌​：大众
,,,,,• ​子品牌群​：奥迪， 保时捷等
​制造业​,​传统车企转型​,​梅赛德斯-奔驰​,德国斯图加特,‑_ mercedes-benz.com,• ​主品牌​：奔驰
,,,,,• ​性能品牌​：AMG
,,,,,• ​奢华品牌​：迈巴赫
​制造业​,​传统车企转型​,​吉利汽车 (Geely)​​,中国杭州,‑_ geely.com,• ​大众品牌​：吉利， 银河
,,,,,• ​高端品牌​：极氪， 领克
,,,,,• ​国际品牌​：沃尔沃， 路特斯等
​制造业​,​传统车企转型​,​上汽集团 (SAIC)​​,中国上海,‑_ saicmotor.com,• ​自主品牌​：智己 (高端)， 飞凡， 荣威， MG
,,,,,• ​合资品牌​：上汽大众， 上汽通用
​制造业​,​传统车企转型​,​长城汽车 (GWM)​​,中国保定,‑_ gwm.com.cn,• ​主品牌​：长城 (皮卡)
,,,,,• ​子品牌​：哈弗， 坦克， 魏牌， 欧拉
​制造业​,​传统车企转型​,​长安汽车 (Changan)​​,中国重庆,‑_ changan.com.cn,• ​主品牌​：长安
,,,,,• ​新能源品牌​：阿维塔， 深蓝， 启源
​制造业​,​传统车企转型​,​奇瑞汽车 (Chery)​​,中国芜湖,‑_ chery.cn,• ​主品牌​：奇瑞
,,,,,• ​子品牌​：星途 (高端)， 捷途， iCAR
​制造业​,​传统国有车企​,​中国一汽 (FAW)​​,中国长春,‑_ faw.com.cn,• ​主品牌​：红旗
,,,,,• ​合资品牌​：一汽-大众， 一汽丰田
,,,,,• ​自主品牌​：奔腾
金融机构,银行机构,摩根大通 (JPMorgan Chase),美国纽约,‑_ www.jpmorganchase.com,• 消费者与社区银行：Chase（零售银行、信用卡）
,,,,,• 企业与投资银行：J.P. Morgan（投行、市场服务）
,,,,,• 商业银行：摩根大通商业银行
金融机构,银行机构,中国工商银行 (ICBC),中国北京,‑_ www.icbc.com.cn,• 公司金融品牌体系：如“工银聚富”等
,,,,,• 个人金融品牌体系：如“融e行”、“工银e生活”
,,,,,• 重点产品：涵盖结算、投资、融资等多个领域
金融机构,银行机构,美国银行 (Bank of America),美国夏洛特,‑_ www.bankofamerica.com,• 零售银行：Bank of America Preferred Rewards（客户奖励计划）
,,,,,• 全球银行与市场：Merrill Lynch（美林，财富管理与投行业务）
,,,,,• 全球商业银行：Business Advantage系列产品
金融机构,银行机构,中国农业银行 (ABC),中国北京,‑_ www.abchina.com,• “农银”系列品牌：农银理财、农银人寿、农银基金
,,,,,• 对公业务：面向“三农”和县域经济的特色信贷产品
,,,,,• 零售业务：掌上银行、安心快贷
金融机构,银行机构,中国建设银行 (CCB),中国北京,‑_ www.ccb.com,• 公司金融：“禹道”系列现金管理、“惠市宝”
,,,,,• 零售金融：“建行财富”、“快贷”
,,,,,• 数字金融：“建行生活”平台
金融机构,银行机构,富国银行 (Wells Fargo),美国旧金山,‑_ www.wellsfargo.com,• 消费者银行与借贷：Wells Fargo Premier（高端客户服务）
,,,,,• 商业金融：Commercial Banking & Corporate Banking
,,,,,• 财富与投资管理：Wells Fargo Advisors
金融机构,银行机构,中国银行 (BOC),中国北京,‑_ www.boc.cn,• 全球金融服务：中银理财、中银证券、中银保险
,,,,,• 特色优势：跨境金融、贸易金融、外汇业务
,,,,,• 数字平台：中银E贷、手机银行
金融机构,银行机构,汇丰银行 (HSBC),英国伦敦,‑_ www.hsbc.com,"• 财富管理与个人银行：HSBC Advance, HSBC Premier, Jade"
,,,,,"• 工商金融：HSBC Business Banking, HSBCnet"
,,,,,• 全球银行与市场：Global Banking & Markets
金融机构,投资银行与证券机构,高盛集团 (Goldman Sachs),美国纽约,‑_ www.goldmansachs.com,• 全球银行与市场：投资银行、交易银行业务
,,,,,• 资产与财富管理：GSAM (Goldman Sachs Asset Management)
,,,,,• 平台业务：Marcus by Goldman Sachs（数字消费银行）
金融机构,投资银行与证券机构,摩根士丹利 (Morgan Stanley),美国纽约,‑_ www.morganstanley.com,• 机构证券：投资银行、销售与交易
,,,,,• 财富管理：Morgan Stanley Wealth Management
,,,,,• 投资管理：Morgan Stanley Investment Management
金融机构,投资银行与证券机构,中信证券 (CITIC Securities),中国深圳,‑_ www.citics.com,作为中信集团“联合舰队”协同模式的重要组成部分，其业务涵盖：
,,,,,• 投资银行业务
,,,,,• 经纪与交易业务
,,,,,• 资产管理与基金管理业务
金融机构,投资银行与证券机构,国泰君安 (Guotai Junan),中国上海,‑_ www.gtjas.com,• 机构数字服务品牌：“道合”
,,,,,• 财富管理：君弘财富管理品牌
,,,,,• 投资银行：股权融资、债务融资、并购重组
金融机构,保险机构,中国平安 (Ping An),中国深圳,‑_ www.pingan.com,集团品牌理念为“专业，让生活更简单”，旗下核心子公司包括：
,,,,,• 寿险：平安寿险
,,,,,• 财产险：平安产险
,,,,,• 银行：平安银行
,,,,,• 证券：平安证券（打造“有AI·懂你”的科技型券商品牌）
,,,,,• 科技：陆金所、金融壹账通
金融机构,保险机构,太平人寿 (Taiping Life),中国上海,‑_ www.tplife.com,作为中国太平保险集团核心成员，主要品牌/产品线包括：
,,,,,• 个人保险：寿险、健康险、意外险
,,,,,• 团体保险：企业员工福利计划
,,,,,• 财富管理与养老保险
金融机构,保险机构,阳光保险 (Sunshine Insurance),中国北京,‑_ www.sinosig.com,• 人寿保险：阳光人寿
,,,,,• 财产保险：阳光产险
,,,,,• 资产管理：阳光资产管理股份有限公司
金融机构,保险机构,华夏保险 (Huaxia Life Insurance),中国北京,‑_ www.hxlife.com,• 个人保险产品线：涵盖年金、重疾、医疗、寿险等
,,,,,• 团体保险：企业定制化保障方案
,,,,,• 财富管理与健康服务
金融机构,保险机构,众安在线 (ZhongAn Online),中国上海,‑_ www.zhongan.com,• 核心业务：数字化财产保险（如退货运费险、健康险等）
,,,,,• 科技输出：众安科技
,,,,,• 生态构建：依托场景的互联网保险创新
金融机构,保险机构,大地保险 (DaDi Insurance),中国上海,‑_ www.95590.cn,• 车险：机动车交通事故责任强制保险、商业车险
,,,,,• 非车险：财产险、责任险、意外健康险
,,,,,• 再保险业务
金融机构,保险机构,安盛保险 (AXA),法国巴黎,‑_ www.axa.com,• 核心业务：财产保险、寿险、储蓄与投资、资产管理
,,,,,• 区域品牌：安盛天平（中国财险市场）
金融机构,金融科技与专业金融服务,东方财富 (East Money),中国上海,‑_ www.eastmoney.com,• 资讯与数据：东方财富网
,,,,,• 交易平台：东方财富证券APP
,,,,,• 财富管理：天天基金网
金融机构,金融科技与专业金融服务,恒生电子 (Hundsun Technologies),中国杭州,‑_ www.hundsun.com,• 投资交易平台：UF系列、O系列等为券商等机构提供核心系统
,,,,,• 资产管理IT解决方案
,,,,,• 财富科技IT解决方案
金融机构,金融科技与专业金融服务,Visa,美国旧金山,‑_ www.visa.com,• 核心网络：VisaNet
,,,,,"• 产品体系：Visa Platinum, Visa Signature, Visa Infinite等不同等级卡产品"
,,,,,"• 创新解决方案：Visa Direct (快速支付), Visa Token Service (安全支付)"
金融机构,金融科技与专业金融服务,美国运通 (American Express),美国纽约,‑_ www.americanexpress.com,• 核心产品：美国运通百夫长卡（American Express Centurion Card）
,,,,,• 商户服务：American Express Merchant Services
,,,,,• 商业服务：American Express Business
金融机构,金融科技与专业金融服务,贝莱德 (BlackRock),美国纽约,‑_ www.blackrock.com,• 投资平台：阿拉丁（Aladdin）系统
,,,,,• ETF品牌：iShares（安硕）
,,,,,• 投资解决方案：为机构和个人客户提供全面服务
房地产/建筑业,房地产开发企业,保利发展控股,中国广州,‑_ www.polydev.com,• 住宅开发系列：保利和系、天字系（如保利天悦）、香槟系 
,,,,,• 商业地产：保利商业、保利广场
,,,,,• 不动产生态平台：涵盖开发、经营、综合服务
房地产/建筑业,房地产开发企业,中海地产,中国深圳,‑_ www.coli.com.hk,• 主流产品线：中海寰宇系、中海甲叁系 
,,,,,• 高端豪宅：中海地产（作为企业品牌，项目品牌通常冠以“中海·”前缀，如中海·甲叁號院）
房地产/建筑业,房地产开发企业,华润置地,中国北京,‑_ www.crland.com.hk,• 住宅产品线：瑞府系、悦府系、万象系 
,,,,,• 商业地产品牌：万象城、万象天地、万象汇
,,,,,• 生态服务：有巢公寓（住房租赁）、华润物业
房地产/建筑业,房地产开发企业,万科企业,中国深圳,‑_ www.vanke.com,• 企业品牌：万科 
,,,,,• 经典项目系列：万科城市花园、万科城、万科金色家园 
,,,,,• 产品系列：金色系列、四季系列
房地产/建筑业,房地产开发企业,绿城中国,中国杭州,‑_ www.greentown.com.hk,‑_ • 核心业务：绿城房地产集团有限公司（主品牌）
,,,,,• 代建业务：绿城管理（上市代码：9979.HK）
,,,,,• 产品系列：桃花源系（中式别墅）、凤起系（都市豪宅）
房地产/建筑业,房地产开发企业,龙湖集团,中国北京,‑_ www.longfor.com,• 住宅开发：龙湖（企业品牌统领项目，如龙湖·云河玉陛）
,,,,,• 商业地产品牌：天街、星悦荟 
,,,,,• 智慧服务：龙湖智创生活
房地产/建筑业,房地产开发企业,滨江集团,中国杭州,‑_ www.bj001.com.cn,• 企业品牌：滨江集团
,,,,,• 项目品牌：通常冠以“滨江·”前缀，如滨江·万家花城、滨江·金色家园
房地产/建筑业,房地产开发企业,碧桂园,中国佛山,‑_ www.countrygarden.com.cn,• 企业品牌：碧桂园（主品牌）
,,,,,• 核心产品系列：碧桂园（大众市场）、劳斯堡（高端）
房地产/建筑业,房地产开发企业,恒大地产,中国深圳,‑_ www.evergrande.com,• 企业品牌：恒大集团（主品牌）
,,,,,• 项目品牌：恒大御景半岛、恒大华府、恒大金碧天下
房地产/建筑业,建筑与工程建设企业,中国建筑,中国北京,‑_ www.cscec.com,• 工程承包：中国建筑（主品牌）
,,,,,• 地产业务：中海地产（子品牌）
,,,,,• 勘察设计：中国中建设计研究院
房地产/建筑业,建筑与工程建设企业,中国中铁,中国北京,‑_ www.crecg.com,• 工程承包：中国中铁（主品牌）
,,,,,• 专业板块：中铁一局至中铁十局等工程局
房地产/建筑业,建筑与工程建设企业,中国电建,中国北京,‑_ www.powerchina.cn,• 工程承包：中国电建（主品牌）
,,,,,• 投资运营：电建地产（地产业务）
,,,,,• 设计咨询：华东院、西北院等设计院
房地产/建筑业,建筑与工程建设企业,中国铁建,中国北京,‑_ www.crcc.cn,• 工程承包：中国铁建（主品牌）
,,,,,• 专业板块：中铁十一局至中铁二十五局等工程局
房地产/建筑业,建筑与工程建设企业,上海建工,中国上海,‑_ www.scg.com.cn,• 工程承包：上海建工（主品牌）
,,,,,• 房产开发：上海建工房产
,,,,,• 建材工业：上海建工建材
房地产/建筑业,建筑与工程建设企业,中国交建,中国北京,‑_ www.ccccltd.cn,• 工程承包：中国交建（主品牌）
,,,,,• 专业板块：中交一公局至中交四公局等工程局
房地产/建筑业,建筑与工程建设企业,陕西建工,中国西安,‑_ www.sxceg.com,• 工程承包：陕西建工（主品牌）
,,,,,• 专业板块：陕建一建至陕建十二建等子公司
房地产/建筑业,建筑与工程建设企业,安徽建工,中国合肥,‑_ www.aceg.com.cn,• 工程承包：安徽建工（主品牌）
,,,,,• 投资运营：安徽水利
,,,,,• 建材工业：安徽建工建材
房地产/建筑业,专业化与新兴建筑企业,远大住工,中国长沙,‑_ www.bhome.com.cn,• 核心业务：远大住工（主品牌）
,,,,,• 产品体系：远大魔方（模块化建筑产品）
房地产/建筑业,专业化与新兴建筑企业,精工钢构,中国绍兴,‑_ www.jjgjg.com,• 核心业务：精工钢构（主品牌）
,,,,,• 业务范围：钢结构研发、设计、制造、安装、检测
房地产/建筑业,专业化与新兴建筑企业,杭萧钢构,中国杭州,‑_ www.hx-steel.com,• 核心业务：杭萧钢构（主品牌）
,,,,,• 技术体系：杭萧钢构钢结构住宅体系
房地产/建筑业,专业化与新兴建筑企业,山东高速工程建设集团,中国济南,‑_ www.sdhsg.com,• 核心业务：山东高速工程建设（主品牌）
,,,,,• 业务范围：公路、桥梁、隧道、市政工程建设
能源/化工,石油与天然气,中国石油 (CNPC),中国北京,‑_ www.cnpc.com.cn,• 主品牌：中国石油 (CNPC)
,,,,,• 上市子公司：中国石油股份 (PetroChina)
,,,,,• 服务品牌：昆仑系列 (昆仑润滑、昆仑能源) 
,,,,,• 产品品牌：邦昊 (BOPP薄膜料)
能源/化工,石油与天然气,中国石化 (Sinopec),中国北京,‑_ www.sinopecgroup.com,• 主品牌：中国石化 (Sinopec)
,,,,,"• 业务品牌：易捷 (便利店), 易派客 (工业品电商), 爱跑 (燃油), 长城润滑油"
,,,,,"• 技术/材料品牌：易能问地 (油气绿色开发), 善解 (可降解材料)"
能源/化工,石油与天然气,中国海油 (CNOOC),中国北京,‑_ www.cnooc.com.cn,• 主品牌：中国海油 (CNOOC)
,,,,,"• 业务板块：中海油有限公司 (上市), 中海油服, 海油工程, 中海化学 (化肥)"
能源/化工,石油与天然气,延长石油,中国陕西西安,‑_ www.ycpc.com.cn,• 主品牌：延长石油
,,,,,• 产品线：涉及油气勘探开发、炼油加工、化工产品等
能源/化工,石油与天然气,埃克森美孚 (ExxonMobil),美国欧文 (Irving),‑_ corporate.exxonmobil.com,• 主品牌：埃克森美孚 (ExxonMobil)
,,,,,"• 产品品牌：美孚 (Mobil, 润滑油), 埃索 (Esso)"
能源/化工,石油与天然气,壳牌 (Shell),英国伦敦,‑_ www.shell.com,• 主品牌：壳牌 (Shell)
,,,,,"• 产品与服务：壳牌喜力润滑油 (Helix Ultra), 壳牌劲霸润滑油 (Rimula), V-Power燃油, 壳牌天然气 (Shell LNG)"
能源/化工,石油与天然气,沙特阿美 (Aramco),沙特阿拉伯达兰 (Dhahran),‑_ www.aramco.com,• 主品牌：沙特阿美 (Aramco)
,,,,,• 技术品牌/合资企业：涉及上游油气生产、炼化、化工等多个领域
能源/化工,煤化工,中国神华,中国北京,‑_ www.shenhuachina.com,• 主品牌：中国神华 (国家能源集团核心子公司)
,,,,,• 业务板块：煤炭、电力、铁路、港口、煤制油化工一体化运营
能源/化工,煤化工,中煤能源,中国北京,‑_ www.chinacoal.com,• 主品牌：中煤能源
,,,,,• 业务范围：煤炭生产贸易、煤化工、煤矿装备制造等
能源/化工,煤化工,陕西煤业,中国陕西西安,‑_ www.sxcoal.com,• 主品牌：陕西煤业 (陕煤集团核心子公司)
,,,,,• 业务范围：煤炭开采、煤化工（如蒲城清洁能源）等
能源/化工,煤化工,宝丰能源,中国宁夏银川,‑_ www.baofengenergy.com,• 主品牌：宝丰能源
,,,,,• 业务特色：以煤为原料的烯烃生产商，积极布局绿氢耦合等领域
能源/化工,综合化工与新材料,万华化学,中国山东烟台,‑_ www.whchem.com,• 主品牌：万华化学 (Wanhua Chemical)
,,,,,"• 核心产品：MDI, TDI等聚氨酯系列产品，石化产品，精细化学品及新材料"
能源/化工,综合化工与新材料,中国中化 (Sinochem),中国北京,‑_ www.sinochem.com,• 主品牌：中国中化 (与先正达集团协同)
,,,,,"• 核心业务品牌：先正达集团 (Syngenta Group), 安道麦 (ADAMA), 扬农化工, 埃肯 (Elkem) 等"
能源/化工,综合化工与新材料,恒力石化,中国辽宁大连,‑_ www.hengli.com,• 主品牌：恒力石化 (Hengli Petrochemical)
,,,,,• 产业链：涵盖石化、聚酯新材料、纺织等全产业链
能源/化工,综合化工与新材料,荣盛石化,中国浙江杭州,‑_ www.rong-sheng.com,"• 主品牌：荣盛石化 (Zhejiang Petroleum & Chemical Co., Ltd.)"
,,,,,"• 核心业务：大型炼化一体化项目， PX, PTA, 化工新材料等"
能源/化工,新能源与光伏,国家能源投资集团,中国北京,‑_ www.ceic.com,• 主品牌：国家能源集团 (China Energy)
,,,,,"• 产业品牌：国能电力, 国能新能源, 国能运输, 国能化工"
,,,,,"• 子公司品牌：中国神华, 国电电力, 龙源电力 (风电)"
能源/化工,新能源与光伏,天合光能 (Trinasolar),中国江苏常州,‑_ www.trinasolar.com,• 主品牌：天合光能 (Trinasolar)
,,,,,• 核心产品/解决方案：光伏组件，储能系统，智慧能源解决方案
能源/化工,新能源与光伏,阿特斯 (CSI Solar),中国江苏苏州,‑_ www.csisolar.com,• 主品牌：阿特斯 (CSI Solar) (阿特斯阳光电力集团旗下)
,,,,,• 核心业务：光伏组件制造、储能系统解决方案、项目开发
能源/化工,新能源与光伏,阳光电源 (Sungrow),中国安徽合肥,‑_ www.sungrowpower.com,• 主品牌：阳光电源 (Sungrow)
,,,,,• 核心产品：光伏逆变器，储能系统，新能源汽车驱动系统，水面光伏系统
能源/化工,电力及能源投资,中国华能 (CHNG),中国北京,‑_ www.chng.com.cn,• 主品牌：中国华能
,,,,,• 业务板块：致力于建设世界一流的现代化清洁能源企业
能源/化工,电力及能源投资,中国华电,中国北京,‑_ www.chd.com.cn,• 主品牌：中国华电 (China Huaneng Group 关联企业)
,,,,,• 业务范围：电力生产、热力供应、煤炭开发及相关专业技术服务
能源/化工,电力及能源投资,国家电力投资集团 (SPIC),中国北京,‑_ www.spic.com.cn,• 主品牌：国家电投 (SPIC)
,,,,,• 特色品牌：专注于光伏、核能、综合智慧能源等清洁能源领域
能源/化工,电力及能源投资,大唐发电,中国北京,‑_ www.china-cdt.com,• 主品牌：大唐发电 (中国大唐集团核心子公司)
,,,,,• 业务范围：火力发电、可再生能源发电、煤炭勘探开发等
医药/医疗健康,国际制药巨头,辉瑞 (Pfizer),美国纽约,‑_ www.pfizer.com,• 创新药品：沛儿（肺炎疫苗）、舒普深（抗感染）、立普妥（心血管）
,,,,,• 成熟药物与生物类似药：由晖致（Viatris）运营的部分产品线
医药/医疗健康,国际制药巨头,诺华 (Novartis),瑞士巴塞尔,‑_ www.novartis.com,• 处方药：可善挺（司库奇尤单抗，免疫疾病）、诺欣妥（沙库巴曲缬沙坦，心衰）
,,,,,• 子公司：山德士（Sandoz，仿制药）
医药/医疗健康,国际制药巨头,强生 (Johnson & Johnson),美国新不伦瑞克,‑_ www.jnj.com,• 制药业务：喜达诺（乌司奴单抗，免疫疾病）、兆珂（达雷妥尤单抗，血液肿瘤）
,,,,,• 医疗器械：强生医疗科技（如爱惜邦缝合线）
,,,,,• 消费者健康：强生婴儿、邦迪、李施德林
医药/医疗健康,中国综合性医药集团,华润三九 (999),中国深圳,‑_ www.999.com.cn,• 核心品牌：“999”系列（感冒灵颗粒、皮炎平）
,,,,,• 专业领域：抗感染、专科用药（如中药配方颗粒）
,,,,,• 健康产品：999今维多（膳食补充剂）
医药/医疗健康,中国综合性医药集团,云南白药,中国昆明,‑_ www.yunnanbaiyao.com.cn,• 药品：云南白药气雾剂、胶囊（跌打损伤）
,,,,,• 健康品：云南白药牙膏
,,,,,• 中药资源：中药药材
医药/医疗健康,中国综合性医药集团,同仁堂,中国北京,‑_ www.tongrentang.com,• 中成药：安宫牛黄丸、牛黄清心丸
,,,,,• 大健康产业：滋补养生品、药妆、医疗保健服务
医药/医疗健康,中国综合性医药集团,广药白云山,中国广州,‑_ www.gybys.com.cn,• 大南药（医药制造）：消渴丸、清开灵系列
,,,,,• 大健康：王老吉凉茶
,,,,,• 大商业（流通）：医药经销网络
医药/医疗健康,创新药与生物技术,百济神州 (BeiGene),中国北京/美国麻省,‑_ www.beigene.com,• 自主研发：百悦泽（泽布替尼，BTK抑制剂）
,,,,,• 授权产品：百泽安（替雷利珠单抗，PD-1抑制剂）
医药/医疗健康,创新药与生物技术,恒瑞医药,中国连云港,‑_ www.hengrui.com,• 抗肿瘤药：卡瑞利珠单抗（PD-1抑制剂）、吡咯替尼
,,,,,• 麻醉用药：瑞马唑仑
,,,,,• 造影剂：碘克沙醇
医药/医疗健康,创新药与生物技术,药明康德,中国上海,‑_ www.wuxiapptec.com,• 化学业务：小分子药物发现与开发平台
,,,,,• 测试业务：临床前与临床检测服务
,,,,,• 生物学业务：药物筛选与药效学研究
医药/医疗健康,医疗器械与医疗服务,迈瑞医疗 (Mindray),中国深圳,‑_ www.mindray.com,• 生命信息与支持：监护仪、麻醉机、除颤器
,,,,,• 体外诊断：血液细胞分析仪、生化分析仪
,,,,,• 医学影像：超声诊断系统
医药/医疗健康,医疗器械与医疗服务,爱尔眼科,中国长沙,‑_ www.aierchina.com,• 医疗服务网络：旗下各家爱尔眼科医院提供近视手术、白内障治疗等
医药/医疗健康,医疗器械与医疗服务,联影医疗,中国上海,‑_ www.united-imaging.com,• 影像诊断设备：MR（磁共振）、CT（计算机断层扫描）、PET/CT（分子影像）
,,,,,• 放疗设备：直线加速器
医药/医疗健康,医疗器械与医疗服务,通策医疗,中国杭州,‑_ www.tcmedical.com.cn,• 医疗服务：旗下各家口腔医院提供种植、正畸、儿科等口腔医疗服务
医药/医疗健康,市场新锐与高增长企业,永安药业,中国潜江,‑_ www.chinataurine.com,• 牛磺酸生产：牛磺酸原料药及食品添加剂
医药/医疗健康,市场新锐与高增长企业,一品红,中国广州,‑_ www.apichope.com,• 药品研发与生产：聚焦儿童药与慢性病药物领域
医药/医疗健康,市场新锐与高增长企业,三生国健,中国上海,‑_ www.3s-guojian.com,• 抗体药物：益赛普（依那西普，TNF-α抑制剂）、健尼哌（重组抗CD25人源化单抗）
制造业/工业企业 (B2B),工业电子商务与产业互联网,北京国联视讯信息技术股份有限公司 (国联股份),中国北京,‑_ www.ueiibi.com,• 工业信息服务：国联资源网 (为工业领域提供商业信息服务的平台)
,,,,,• 垂直产业电商平台：涂多多 (涂料化工)、卫多多 (卫生用品)、玻多多 (玻璃)、纸多多 (造纸) 等 (为特定产业上下游提供网上商品交易业务)
,,,,,• 数字技术服务平台：国联云 (提供产业和企业数字技术服务)
制造业/工业企业 (B2B),MRO工业品电商,震坤行工业超市（上海）有限公司 (震坤行),中国上海,[公司官网需核实],• 主品牌/平台：震坤行 (ZKH) (工业品电商平台)
,,,,,• 业务范围：MRO工业品电商平台
制造业/工业企业 (B2B),钢铁产业互联网,欧冶云商股份有限公司 (欧冶云商),中国上海,[公司官网需核实],• 主品牌/平台：欧冶云商 (生态型钢铁产业服务平台)
制造业/工业企业 (B2B),农村产业互联网,汇通达网络股份有限公司 (汇通达),中国南京,‑_ www.htd.cn,• 主品牌/平台：汇通达网络 (服务下沉市场零售行业企业客户的交易和服务平台)
,,,,,• 业务范围：构建了面向农村市场的产业互联网平台
制造业/工业企业 (B2B),工业供应链技术和服务,北京京东工业品贸易有限公司 (京东工业),中国北京,[公司官网需核实],• 主品牌：京东工业 (工业供应链全链路数智化综合解决方案提供商)
,,,,,• 产品平台：京东工业品 (工业品一站式采购平台)
制造业/工业企业 (B2B),院外医药产业数字化,广州速道信息科技有限公司 (药师帮),中国广州,[公司官网需核实],• 主品牌/平台：药师帮 (院外医药产业数字化综合服务平台)
制造业/工业企业 (B2B),电子产业数字化,深圳嘉立创科技集团股份有限公司 (嘉立创),中国深圳,[公司官网需核实],• 主品牌/平台：嘉立创 (PCB打样服务平台)
制造业/工业企业 (B2B),自动化零部件供应,东莞怡合达自动化股份有限公司 (怡合达),中国东莞,[公司官网需核实],• 主品牌/平台：怡合达 (自动化零部件一站式供应商)
制造业/工业企业 (B2B),大宗商品信息服务与交易,上海钢联电子商务股份有限公司 (上海钢联),中国上海,[公司官网需核实],• 主品牌/平台：上海钢联 (钢铁联网平台综合服务运营商)
,,,,,• 信息服务：我的钢铁网 (是大宗商品领域，尤其是钢铁行业权威的价格指数服务和市场信息平台，是上海钢联的核心业务组成部分)
制造业/工业企业 (B2B),综合性B2B电商,阿里巴巴(中国)网络技术有限公司 (1688),中国杭州,‑_ www.1688.com,• 主品牌/平台：1688 (阿里巴巴集团旗下的国内领先的综合性B2B内贸平台)
制造业/工业企业 (B2B),办公用品与物资集采,深圳齐心集团股份有限公司 (齐心集团),中国深圳,‑_ www.qx.com,• 主品牌：齐心集团 (办公用品整体解决方案服务商)
,,,,,• 业务范围：为企业提供办公物资、云视频服务等整体解决方案
制造业/工业企业 (B2B),智能交易生态与服务,卓尔智联集团有限公司 (卓尔智联),中国武汉,‑_ www.zallscg.com,• 主品牌：ZALL卓尔智联 (供应链物业服务商)
,,,,,• 业务范围：提供智能交易、数字供应链等综合服务
电商/零售,全球及中国头部电商/零售企业,沃尔玛 (Walmart),美国阿肯色州本顿维尔,‑_ www.walmart.com,‑_ • 全球业务三大部门：Walmart U.S.（美国本土）、Walmart International（国际）、Sam's Club（山姆会员店）
,,,,,• 多渠道零售：沃尔玛大卖场、沃尔玛社区店、Walmart.com 电商平台
电商/零售,全球及中国头部电商/零售企业,亚马逊 (Amazon),美国华盛顿州西雅图,‑_ www.amazon.com,‑_ • 核心电商与云服务：Amazon.com（全球电商平台）、Amazon Web Services (AWS)（云计算）
,,,,,• 会员与内容：Amazon Prime（会员服务）、Prime Video（流媒体）
电商/零售,全球及中国头部电商/零售企业,‑_ 京东集团 (JD.com),中国北京,‑_ www.jd.com,• 零售业务：京东零售（自营B2C）、京东国际
,,,,,• 科技与服务：京东物流、京东科技、京东健康
,,,,,• 即时零售：京东秒送（即时配送服务）
电商/零售,全球及中国头部电商/零售企业,阿里巴巴集团 (Alibaba),中国杭州,‑_ www.alibabagroup.com,• 核心商业：淘宝（C2C）、天猫（B2C）、淘特（下沉市场）、阿里妈妈（数字营销）
,,,,,• 基础设施与服务：菜鸟网络（物流）、阿里云（云计算）、本地生活（饿了么、高德）
电商/零售,全球及中国头部电商/零售企业,拼多多 (Pinduoduo),中国上海,‑_ www.pinduoduo.com,• 主站业务：拼多多（社交电商平台）
,,,,,• 跨境与农业：Temu（跨境电商）、拼多多农产品上行体系
电商/零售,全球及中国头部电商/零售企业,美团 (Meituan),中国北京,‑_ www.meituan.com,• 核心本地商业：美团外卖、到店酒旅、美团闪购（即时零售）
,,,,,• 新业务：美团优选（社区团购）、美团买菜、快驴进货（餐饮供应链）
电商/零售,全球及中国头部电商/零售企业,‑_ 唯品会 (Vip.com),中国广州,‑_ www.vip.com,• 核心模式：唯品会（品牌特卖电商平台）
,,,,,• 物流服务：品骏快递（自建物流体系）
电商/零售,全球及中国头部电商/零售企业,抖音电商 (Douyin E-commerce),中国北京,‑_ www.douyin.com,• 内容电商：抖音电商（依托短视频和直播的电商生态）
,,,,,• 业务板块：商城（货架电商）、直播电商、搜索电商
电商/零售,全球及中国头部电商/零售企业,快手电商 (Kuaishou E-commerce),中国北京,‑_ www.kuaishou.com,• 信任电商：快手电商（基于社区信任关系的电商模式）
,,,,,• 服务支持：快手小店、快手联盟
电商/零售,全球及中国头部电商/零售企业,‑_ 苏宁易购 (Suning.com),中国南京,‑_ www.suning.com,• 零售业务：苏宁易购（线上线下融合零售）
,,,,,• 家电3C：家乐福（超市）、苏宁易购广场、零售云（下沉市场）
电商/零售,即时零售与新业态代表企业,美团闪购 (Meituan Instashopping),中国北京,（集成于美团App）,• 即时零售平台：美团闪购（美团旗下的即时零售品牌，提供万物到家的LBS电商服务）
电商/零售,即时零售与新业态代表企业,‑_ 京东秒送 (JD.com Dada Now),中国北京,（集成于京东App）,• 即时配送服务：京东秒送（由达达集团配送，为京东零售及其他合作伙伴提供即时配送服务）
电商/零售,即时零售与新业态代表企业,淘宝闪购 (Taobao Flash),中国杭州,（集成于淘宝App）,• 限时特卖：淘宝闪购（阿里巴巴集团旗下的限时特卖频道，提供品牌折扣商品）
电商/零售,即时零售与新业态代表企业,叮咚买菜 (Dingdong Maicai),中国上海,‑_ www.100.me,• 生鲜前置仓模式：叮咚买菜（提供生鲜食品即时到家的服务）
电商/零售,即时零售与新业态代表企业,盒马 (Hema / Freshhema),中国上海,（集成于盒马App）,• 新零售标杆：盒马（阿里巴巴旗下，融合餐饮、超市、即时配送的新零售品牌）
电商/零售,特定品类或模式上表现突出的上市公司,顺丰控股 (SF Holding),中国深圳,‑_ www.sf-express.com,• 综合物流服务商：顺丰速运（快运）、顺丰同城（即时配送）、丰网速运（经济件）
电商/零售,特定品类或模式上表现突出的上市公司,小熊电器 (Bear Electric Appliance),中国佛山,‑_ www.bears.com.cn,• 创意小家电品牌：小熊电器（专注于高性价比、创意小家电的研发、生产和销售）
电商/零售,特定品类或模式上表现突出的上市公司,南极电商 (Nanjiri E-commerce),中国苏州,‑_ www.nanjids.com,• 电商服务与品牌授权：南极电商（以南极人品牌为核心，提供品牌授权、电商服务等综合服务）
电商/零售,特定品类或模式上表现突出的上市公司,永辉超市 (Yonghui Superstores),中国福州,‑_ www.yonghui.com.cn,• 生鲜商超龙头：永辉超市（以生鲜为特色的商超连锁，提供线下购物和线上配送服务）
电商/零售,特定品类或模式上表现突出的上市公司,三只松鼠 (Three Squirrels),中国芜湖,‑_ www.3songshu.com,• 互联网休闲食品品牌：三只松鼠（主要通过线上渠道销售坚果、零食等休闲食品）
餐饮/酒店/旅游,餐饮企业,蜜雪冰城股份有限公司,中国郑州,‑_ www.mxbc.com,• 主品牌：蜜雪冰城 (MIXUE)
,,,,,• 核心业务：现制茶饮、冰淇淋等饮品连锁经营，以高性价比著称
餐饮/酒店/旅游,餐饮企业,上海肯德基有限公司,中国上海,(隶属百胜中国控股有限公司),• 主品牌：肯德基 (KFC)
,,,,,"• 母公司/集团：百胜中国控股有限公司 (Yum China Holdings, Inc.)，旗下还拥有必胜客、塔可钟等品牌"
餐饮/酒店/旅游,餐饮企业,瑞幸咖啡（中国）有限公司,中国厦门,(需核实最新官网),• 主品牌：瑞幸咖啡 (Luckin Coffee)
,,,,,• 核心业务：咖啡饮品及轻食零售，以技术驱动的零售网络和便捷的消费体验为特色
餐饮/酒店/旅游,餐饮企业,北京茶姬餐饮管理有限公司,中国北京,‑_ www.chagee.com/zh-cn,• 主品牌：霸王茶姬 (Chagee)
,,,,,• 品牌定位：专注于原叶鲜奶茶，致力于传播东方茶文化
餐饮/酒店/旅游,餐饮企业,四川海底捞餐饮股份有限公司,中国成都,‑_ www.haidilao.com,• 主品牌：海底捞 (Haidilao)
,,,,,• 核心业务：以服务著称的火锅餐饮连锁，并涉足调味品、食材供应等关联业务
餐饮/酒店/旅游,酒店企业,北京首旅酒店（集团）股份有限公司,中国北京,‑_ www.btghotels.com,• 主品牌：首旅酒店 (BTG Hotels)
,,,,,• 品牌矩阵：旗下拥有如家、莫泰、雅客怡家、云上四季、欣燕都、首旅南苑、首旅京伦等多个知名酒店品牌，覆盖不同市场层级
餐饮/酒店/旅游,酒店企业,上海锦江国际酒店股份有限公司,中国上海,‑_ www.jinjianghotels.sh.cn,• 主品牌：锦江酒店 (Jin Jiang Hotels)
,,,,,• 品牌矩阵：作为锦江国际集团核心资产，旗下品牌包括锦江都城、昆仑、丽枫、喆啡、7天系列、卢浮宫集团旗下品牌（如Campanile、Golden Tulip）等，构成庞大品牌体系
餐饮/酒店/旅游,酒店企业,华天酒店集团股份有限公司,中国长沙,‑_ www.huatian-hotel.com,• 主品牌：华天酒店 (Huatian Hotel)
,,,,,• 核心业务：以高星级酒店运营与管理为核心，提供住宿、餐饮、会议等服务
餐饮/酒店/旅游,酒店企业,广州岭南集团控股股份有限公司,中国广州,‑_ www.gzlnholdings.com,• 主品牌：岭南控股 (Lingnan Holdings)
,,,,,• 核心业务：集酒店运营、旅游服务、会展服务于一体的综合性旅游集团，旗下品牌包括岭南酒店等
餐饮/酒店/旅游,旅游服务企业,中青旅控股股份有限公司,中国北京,‑_ www.cyts.com,• 主品牌：中青旅 (CYTS Tours)
,,,,,• 核心业务：提供旅游产品批发、零售、会展服务、景区投资运营等全方位旅游服务
媒体/传播,国家级广播电视机构,中央电视台 (CCTV),中国北京,‑_ www.cctv.com,• 主品牌：中央电视台 (CCTV)
,,,,,• 频道矩阵：CCTV-1（综合频道）、CCTV-13（新闻频道）、CCTV-4（中文国际频道）、CGTN（中国国际电视台）等系列专业频道
,,,,,• 新媒体平台：央视频、央视网
媒体/传播,中央新闻机构/报纸,人民日报 (People's Daily),中国北京,‑_ www.people.com.cn,• 主品牌：人民日报
,,,,,• 子报子刊：环球时报、健康时报、新闻战线、人民论坛等
,,,,,• 新媒体矩阵：人民网、人民日报客户端、人民号融媒体平台
媒体/传播,国家级通讯社,新华社 (Xinhua News Agency),中国北京,‑_ www.xinhuanet.com,• 主品牌：新华社
,,,,,• 新闻服务：文字、图片、音视频新闻供稿
,,,,,• 技术平台：现场云新闻在线生产系统、媒体大脑AI平台
媒体/传播,通讯社,中国新闻社 (China News Service),中国北京,‑_ www.chinanews.com.cn,• 主品牌：中国新闻社
,,,,,• 核心业务：面向海外华文媒体的新闻供稿与服务
媒体/传播,地方广播电视机构,湖南卫视 (Hunan TV),中国长沙,‑_ www.hunantv.com,• 主品牌：湖南卫视（湖南广播电视台旗下核心卫星频道）
,,,,,• 内容生态：芒果TV（新媒体平台）、《快乐大本营》、《歌手》等综艺节目
媒体/传播,地方综合性传媒集团,东方传媒 (SMG),中国上海,‑_ www.smg.com.cn,• 主品牌：上海广播电视台/上海文化广播影视集团（SMG）
,,,,,• 业务板块：广播电视播出、影视剧制作、新媒体业务（如BesTV+）
媒体/传播,国家级英文媒体,中国日报 (China Daily),中国北京,‑_ www.chinadaily.com.cn,• 主品牌：中国日报
,,,,,• 核心产品：《中国日报》及旗下系列出版物，致力于向世界介绍中国
媒体/传播,中央重点新闻报纸,光明日报 (Guangming Daily),中国北京,‑_ www.gmw.cn,• 主品牌：光明日报
,,,,,• 品牌定位：以知识分子为重点宣传对象的综合性党报
媒体/传播,电影产业龙头企业,"中国电影股份有限公司 (China Film Co., Ltd.)",中国北京,‑_ www.chinafilm.com,• 主品牌：中国电影股份有限公司
,,,,,• 核心业务：电影制片、发行、放映及影视服务全产业链运营
媒体/传播,地方综合性传媒集团,中南传媒 (Zhongnan Media),中国长沙,‑_ www.zncmjt.com/,• 主品牌：中南出版传媒集团（通常所指）
,,,,,• 核心业务：图书、报刊、电子音像等出版物的出版、发行及相关业务
媒体/传播,面向全球华语的广播电视机构,凤凰卫视 (Phoenix TV),中国香港,‑_ www.phtv.com,• 主品牌：凤凰卫视
,,,,,• 核心业务：通过卫星向全球华语观众播放的电视台及相关新媒体业务
互联网/科技,短视频与内容平台,抖音集团 (字节跳动),中国北京,‑_ www.bytedance.com,• 核心平台：抖音 (主站)、抖音极速版 (侧重用户增长与激励)、抖音火山版 (源自“火山小视频”，更侧重下沉市场社交) 
,,,,,• 内容生态：今日头条 (信息流)、西瓜视频 (中视频)、番茄小说 (免费阅读)、懂车帝 (汽车资讯) 
,,,,,• 企业服务：飞书 (协同办公)、巨量引擎 (营销服务)、火山引擎 (云计算) 
,,,,,• 国际化：TikTok (全球短视频平台)
互联网/科技,短视频与社交平台,快手科技,中国北京,‑_ www.kuaishou.com,• 主品牌/平台：快手 (主站) 
,,,,,• 产品矩阵：快手极速版 
,,,,,• 业务生态：电商、直播、本地生活服务、游戏 (自研/发行) 
,,,,,• 投资布局：AcFun (A站，二次元社区)
互联网/科技,社交与内容生态,腾讯控股,中国深圳,(腾讯控股官网),• 核心社交平台：微信 (内含视频号功能，深度集成于微信生态) 
,,,,,• 视频内容战略：微信视频号 (基于社交推荐，与公众号、小程序、朋友圈、支付等微信内各场景打通的短视频与直播内容平台)
互联网/科技,视频社区与平台,哔哩哔哩,中国上海,‑_ www.bilibili.com,• 主品牌/平台：哔哩哔哩 (B站，综合性视频社区，涵盖PUGV、OGV、直播、漫画等) 
,,,,,• 业务拓展：游戏 (发行与自研)、大会员 (增值服务)、广告、电商及其他
互联网/科技,生活方式社区与平台,行吟信息科技 (小红书),中国上海,(信息缺失),• 主品牌/平台：小红书 (内容社区，用户分享生活方式笔记，覆盖美妆、时尚、旅行、美食等领域) 
,,,,,• 商业模式：内容社区+电商
互联网/科技,信息与内容服务,百度集团,中国北京,‑_ www.baidu.com,• 核心产品：百度搜索、百度App
,,,,,• 短视频战略：好看视频 (百度旗下短视频旗舰品牌，定位泛知识短视频平台，是百度移动生态的重要内容组成部分) 
,,,,,• 内容分发：百家号 (内容创作平台，为好看视频等提供内容源)
互联网/科技,媒体与内容平台,芒果超媒,中国长沙,‑_ www.mangoguide.com,• 主品牌/平台：芒果TV (互联网视频平台，提供影视剧、综艺、动漫等长视频内容，并积极拓展短视频、电商等业务) 
,,,,,• 特色优势：背靠湖南广电，拥有强大的内容制作与版权资源
商业服务,综合营销传播集团,奥美（Ogilvy）,美国纽约,‑_ www.ogilvy.com,• 核心业务架构：增长与创新、广告、消费者体验、公关、健康
,,,,,• 方法论：360度品牌管家理论
商业服务,整合营销服务,蓝色光标（BlueFocus）,中国北京,‑_ www.bluefocusgroup.com,• 主品牌：蓝色光标
,,,,,• 业务范围：涵盖广告、公共关系、社交媒体营销等整合营销服务
商业服务,公共关系,爱德曼（Edelman）,美国纽约,‑_ https://www.edelman.com/cn/zh-hant,• 主品牌：爱德曼（注：搜索结果中提及的“爱德曼氢能源”为不同实体，不适用）
商业服务,综合性广告集团,省广集团（GIMC）,中国广州,‑_ www.gimc.cn,• 主品牌：广东省广告集团股份有限公司
,,,,,• 业务范围：提供广告设计、代理、制作、发布及综合营销服务
商业服务,公共关系,万博宣伟（Weber Shandwick）,美国纽约,信息缺失,• 主品牌：万博宣伟（注：搜索结果中“万博宣伟国际（亚太区）有限公司北京代表处”已注销）
商业服务,公共关系,伟达公关（Hill & Knowlton）,美国纽约,信息缺失,• 主品牌：伟达公关（注：搜索结果中“伟达（中国）公共关系顾问有限公司”存续）
商业服务,品牌营销集团,因赛集团（INSIGHT）,中国广州,‑_ www.gdinsight.com,• 主品牌：广东因赛品牌营销集团股份有限公司
,,,,,• 业务范围：提供品牌战略、整合营销传播等服务
商业服务,公共关系,迪思（D&S）,中国北京,‑_ www.dsconsulting.com.cn,• 主品牌：北京迪思公关顾问有限公司
,,,,,• 业务范围：提供公共关系、市场营销策划等服务
内容创意/MCN,综合性数字内容/电商机构,无忧传媒 (Joy Media),中国，北京/杭州 (双总部),‑_ www.wuyou.com,• 核心业务：娱乐直播、短视频内容、直播电商 
,,,,,• 代表性达人/IP：刘畊宏（健身）、广东夫妇（大狼狗郑建鹏&言真，电商）、多余和毛毛姐（剧情喜剧）、张大大（综艺）等 
,,,,,• 创新业务：团播（如宇宙009男团）、知识服务、文旅融合
内容创意/MCN,直播电商与数字营销,遥望网络 (YOWANT),中国，杭州,‑_ www.yowant.com,• 核心业务：明星达人直播电商、数字营销 
,,,,,• 代表性达人/IP：瑜大公子（美妆）、李宣卓（酒水）等；签约合作艺人包括王祖蓝、张柏芝等 
,,,,,• 技术创新：虚拟人“孔襄”、数字影棚
内容创意/MCN,电商直播机构,美腕（上海）网络科技有限公司 (美ONE),中国，上海,‑_ www.meione.com,• 核心业务：直播电商 
,,,,,• 代表性达人/IP：李佳琦（美妆护肤）
内容创意/MCN,综合性内容机构,二咖传媒 (ERKA),中国，北京,‑_ www.erkamedia.com,• 核心业务：短视频内容制作、达人孵化 
,,,,,• 人员规模：100-499人
内容创意/MCN,短视频内容创作与分发,古麦嘉禾,中国，青岛,（信息缺失）,• 核心业务：短视频内容研发、制作、运营 
,,,,,• 人员规模：100-499人
内容创意/MCN,抖音全案代运营服务,杭州融趣文化传媒有限公司 (融趣传媒),中国，杭州,‑_ www.roundchic.com,• 核心业务：抖音等平台账号代运营、直播带货、整合营销 
,,,,,• 服务特色：提供“品效销”一体化服务
内容创意/MCN,数字内容创作与技术,青藤文化 (Ividea),中国，北京,‑_ www.ividea.cn,• 核心业务：内容营销、视频制作、IP孵化 
,,,,,• 业务范围：涵盖短视频、信息流、互动影视等内容形式
内容创意/MCN,数字内容与网红经纪,大禹网络 (Suzhou Dayu),中国，苏州,‑_ www.dayukeji.com,• 核心业务：网络技术开发、内容制作、网红孵化 
,,,,,• 人员规模：500-999人
内容创意/MCN,文化传播与内容营销,蜂群文化 (Bee Colony Culture),中国，深圳,‑_ www.hivemedia.cn,• 核心业务：影视多媒体设计、文化活动策划、内容营销 
,,,,,• 人员规模：100-499人
内容创意/MCN,科技推广与应用,上海燕数科技有限公司 (Yanshu Technology),中国，上海,‑_ www.singularcube.cn/,• 核心业务：技术服务、技术开发、技术咨询
内容创意/MCN,文化传播与艺人经纪,OST传媒,中国，成都,‑_ www.ostmcn.com,• 核心业务：网红经纪、内容制作、电商直播 
,,,,,• 人员规模：小于50人
文化娱乐,融媒体与内容平台,芒果超媒股份有限公司,中国长沙,‑_ www.happigo.com,• 核心平台：芒果TV（互联网视频平台）
,,,,,• 内容生态：影视剧制作与发行、综艺节目制作（如《乘风破浪的姐姐》）、艺人经纪
,,,,,• 业务拓展：电子商务、互动娱乐、媒体零售等
文化娱乐,生活圈媒体与广告,分众传媒信息技术股份有限公司,中国广州,‑_ www.focusmedia.cn,• 核心网络：楼宇电梯媒体（商务楼宇联播网）、影院媒体（影院映前广告）
,,,,,• 媒体矩阵：涵盖都市主流消费人群的多场景媒体网络
文化娱乐,影视内容制作与发行,光线传媒股份有限公司,中国北京,‑_ www.ewang.com,• 电影业务：投资、制作、宣传发行影片（如《哪吒之魔童降世》《满江红》）
,,,,,• 厂牌体系：光线影业、彩条屋影业（动画）、青春光线等
,,,,,• 业务布局：电视剧、动画、艺人经纪、实景娱乐
文化娱乐,影视内容制作与发行,华策影视股份有限公司,中国杭州,‑_ www.huacemedia.com,• 核心业务：电视剧、电影的制作、发行
,,,,,• 业务范围：涵盖影视内容全产业链
文化娱乐,电影全产业链,中国电影产业集团股份有限公司,中国北京,‑_ https://www.zgdygf.com/,• 全产业链运营：电影制片、发行、放映、影视服务
文化娱乐,短视频与直播,北京快手科技有限公司,中国北京,‑_ www.kwai.com,• 核心平台：快手（短视频直播内容社区）
,,,,,• 业务生态：直播、电商、营销、游戏等
文化娱乐,演艺与主题公园,宋城演艺发展股份有限公司,中国杭州,‑_ www.songcn.com/shares,• 核心业务：主题公园投资、运营，演出组织（如“宋城千古情”系列）
,,,,,• 业务范围：文化活动策划、旅游服务等
文化娱乐,动漫与娱乐产品,奥飞娱乐股份有限公司,中国汕头,‑_ www.gdalpha.com/,• 核心业务：动漫影视内容制作、玩具制造、婴童用品等
,,,,,• 知名IP：拥有并运营一系列自主动漫IP
文化娱乐,传媒与艺人经纪,上海天娱传媒有限公司,中国上海,（信息缺失）,• 核心业务：电视节目制作、发行；演出活动策划；艺人经纪等
文化娱乐,影视内容制作与发行,华谊兄弟传媒股份有限公司,中国浙江,（信息缺失）,• 核心业务：电影、电视剧的制作、发行及艺人经纪
,,,,,• 投资运营：影院、品牌授权等
文化娱乐,演出与票务,中演票务通文化发展有限责任公司,中国北京,‑_ www.t3.com.cn,• 核心业务：经营演出及经纪业务；票务代理；文化艺术活动策划
文化/体育,电竞赛事运营与生态构建,腾讯电竞,中国深圳,(隶属腾讯公司),• 独立业务品牌：腾讯电竞 (腾讯旗下) 
,,,,,• 核心赛事体系：英雄联盟职业联赛（LPL）、王者荣耀职业联赛（KPL）、穿越火线职业联赛（CFPL）等 
,,,,,• 生态布局：电竞教育、电竞技术、产业生态、特许经营、电竞规范
文化/体育,电竞赛事运营与综合服务,英雄体育管理有限公司 (VSPO),中国上海,‑_ https://www.heroesports.com,• 主品牌/平台：英雄体育（VSPO） 
,,,,,• 核心业务：电竞赛事和泛娱乐内容制作、电竞商业化、电竞社群运营、电竞综合体运营 
,,,,,• 子品牌/服务：伐木累、灵石、香蕉游戏、DK等独立运营子品牌
文化/体育,电竞赛事平台,网易电竞NeXT,中国广州,(隶属网易公司),• 赛事品牌：网易电竞NeXT（网易游戏旗下首个集合多款热门游戏的专业电竞赛事） 
,,,,,• 赛事模式：通过线上预选以及线下决赛的形式，为游戏爱好者提供参与、观赏以及游戏文化沉浸式体验的综合性电竞赛事活动
文化/体育,体育产业服务（电竞方向）,华体电竞（北京）体育文化有限公司,中国北京,(信息缺失),• 主品牌：华体电竞（华体集团下属专业电竞公司） 
,,,,,• 核心业务：标准制定（如牵头主编《电子竞技场馆建设标准》）、电竞主题生活空间建设运营、会议组织、赛事娱乐活动承办
文化/体育,综合性数字体育,星竞威武NipGroup,中国武汉,‑_ https://nip.gl,• 主品牌：星竞威武（综合性数字体育公司） 
,,,,,• 核心资产：旗下拥有NIP电竞俱乐部、eStar电竞俱乐部等多个品牌 
,,,,,• 业务范围：电竞俱乐部运营、赛事活动、数字体育人才经纪、电竞教育等多元业务
文化/体育,电竞体育运营,腾竞体育文化发展（上海）有限公司,中国上海,‑_ http://www.tjsports.com,• 主品牌：腾竞体育（由腾讯互动娱乐和拳头游戏联合成立） 
,,,,,• 核心业务：专注于LPL赛区英雄联盟核心赛事联盟管理及运营，致力于英雄联盟电竞生态建设
文化/体育,游戏研发与电竞赛事,完美世界电竞,中国浙江,(隶属完美世界股份有限公司),• 主品牌：完美世界电竞（完美世界旗下） 
,,,,,• 核心业务：提供一站式电竞赛事服务，作为DOTA2与CS:GO在国内的独家运营商，围绕其举办大型电竞赛事
文化/体育,生活圈媒体,分众传媒信息技术股份有限公司,中国广州,‑_ https://www.focusmedia.cn,• 主品牌：分众传媒 
,,,,,• 核心网络：楼宇电梯媒体（商务楼宇联播网）、影院媒体（影院映前广告）等生活圈媒体网络
文化/体育,体育器材制造,江苏金陵体育器材股份有限公司,中国张家港,‑_ http://www.jlsports.com,• 主品牌：金陵体育 
,,,,,• 核心产品：体育器材、健身器材、体育场馆设施、场馆座椅、舞台设备等
文化/体育,体育场地设施,江苏共创人造草坪股份有限公司,中国淮安,‑_ http://www.ccgrass.cn,• 主品牌：共创草坪 
,,,,,• 核心业务：人造草坪的研发、制造和销售，为全球体育产业提供基础设施产品
文化与教育,综合性教育集团,新东方教育科技集团 (New Oriental),中国北京,‑_ www.xdf.cn,• 核心业务：语言培训、K12教育、国际教育、大学生考试培训、素质教育
,,,,,• 创新业务：东方甄选（直播电商）、新东方文旅
,,,,,• 品牌理念：致力于成为以学生全面成长为核心、以科技为驱动力的综合性教育集团
文化与教育,科技驱动型教育集团,好未来（学而思）(TAL Education),中国北京,‑_ www.100tal.com,• 核心品牌：学而思素养、学而思网校、学而思智能硬件（学习机等）
,,,,,• 科技研发：自研教育大模型（九章大模型）
,,,,,• 业务生态：覆盖科教、科创、科普三大战略方向，服务个人与机构用户
文化与教育,职业考试培训,中公教育 (OFFCN),中国北京,‑_ www.offcn.com,• 核心业务：公务员、事业单位、教师等公职类招录考试培训
,,,,,• 服务模式：面授、线上课程、图书出版与发行
,,,,,• 业务范围：涵盖学历提升、职业资格与能力培训等多个板块
文化与教育,IT职业教育,达内教育 (Tedu),中国北京,‑_ www.tedu.cn,• 核心课程：Java、Python、C++、UI/UE、网络营销、云计算、大数据等IT技能培训
,,,,,• 业务拓展：青少年编程等科技素质教育
,,,,,• 合作特色：与多家企业有人才合作，提供就业推荐服务
文化与教育,职业考试培训,华图教育 (Huatu),中国北京,‑_ www.huatu.com,• 核心业务：公务员、事业单位、教师、医疗等公职类考试培训
,,,,,• 业务模式：面授培训、网络教学、图书出版
文化与教育,在线职业培训,粉笔公考 (Fenbi),中国北京,‑_ www.fenbi.com,• 核心业务：公务员、事业单位、教师等考试线上培训
,,,,,• 产品特色：以APP为载体，提供线上课程、题库、模考等服务
文化与教育,IT职业教育,传智教育（黑马程序员）(Itcast),中国江苏沭阳,‑_ www.itcast.cn,• 核心品牌：黑马程序员（IT短期培训）、博学谷（在线教育）、传智专修学院（学历教育）
,,,,,• 课程方向：Java、Python、前端开发等软件开发和数字艺术设计培训
文化与教育,财经职业教育,高顿教育 (Gaodun),中国上海,‑_ www.gaodun.com,• 核心业务：财经证书（如CPA、ACCA、CFA）培训、财经大学教育
,,,,,• 服务对象：个人用户、企业用户（提供企业财税培训服务）
文化与教育,远程教育,正保远程教育 (ChinaAcc),中国北京,‑_ www.chinaacc.com,• 核心业务：会计、医学、建设工程等行业的远程职业教育
,,,,,• 运营模式：网络教育平台，提供各类资格考试在线课程
文化与教育,留学语言培训,环球教育 (Global Education),中国北京,‑_ https://www.gedu.net.cn/about/,• 核心业务：雅思、托福等出国留学语言考试培训及相关服务
